Educación,Vivienda,Agua,Medio Ambiente,Deuda Universitaria,Salud,Pensiones,Servicios Básicos,Desigualdad Ingresos,Delincuencia,Transporte,Blancos,Nulos
0.165141405168674,0.046336273679427,0.015679550478237,0.036131138058545,0.078253145206272,0.222777697440453,0.251017414836697,0.058669200735431,0.074328093044394,0.027372074286777,0.017993265436817,0.001136199310017,0.00516454231826
